instance,algo,procs,cost_mean,cost_min,cost_max,time_mean,gap_mean,std_dev_gap
berlin52,NN,1,8980.918279329191,8980.918279329191,8980.918279329191,0.0031802257988601925,19.078736135364508,0.0
berlin52,2-opt K-NN,1,8071.844588542224,8071.844588542224,8071.844588542224,0.043368857598397884,7.0252530965556135,8.881784197001252e-16
berlin52,3-opt Par (1 p),1,8420.347117735182,8420.347117735182,8420.347117735182,0.1571393360005459,11.646076872648928,0.0
berlin52,3-opt Par (2 p),2,8420.347117735182,8420.347117735182,8420.347117735182,0.1051195608000853,11.646076872648928,0.0
berlin52,3-opt Par (4 p),4,8420.347117735182,8420.347117735182,8420.347117735182,0.08251769479829818,11.646076872648928,0.0
berlin52,3-opt Par (8 p),8,8420.347117735182,8420.347117735182,8420.347117735182,0.08048807399900397,11.646076872648928,0.0
berlin52,VNS (Hybrid),4,7754.164561020834,7544.36590190409,7967.03817391144,0.9015747272002045,2.81310741210335,2.141963298300947
ch150,NN,1,8194.614331512179,8194.614331512179,8194.614331512179,0.02738519200211158,25.530244048899803,0.0
ch150,2-opt K-NN,1,7111.774842127217,7111.774842127218,7111.774842127218,0.25480085979943395,8.942629321801748,0.0
ch150,3-opt Par (1 p),1,7159.245249656466,7159.245249656466,7159.245249656466,2.760052619202179,9.669810809688505,0.0
ch150,3-opt Par (2 p),2,7159.245249656466,7159.245249656466,7159.245249656466,1.5649009220011068,9.669810809688505,0.0
ch150,3-opt Par (4 p),4,7159.245249656466,7159.245249656466,7159.245249656466,0.9665399124016403,9.669810809688505,0.0
ch150,3-opt Par (8 p),8,7159.245249656466,7159.245249656466,7159.245249656466,1.0930133518006186,9.669810809688505,0.0
ch150,VNS (Hybrid),4,6700.426505228085,6618.780688813823,6839.747005603418,4.680344179199892,2.641337396263556,1.156424942853122
pcb442,NN,1,61984.04725691383,61984.04725691383,61984.04725691383,0.2253689472010592,22.068705456918014,0.0
pcb442,2-opt K-NN,1,54679.64718692891,54679.64718692891,54679.64718692891,1.9699819487999775,7.683735450251899,8.881784197001252e-16
pcb442,3-opt Par (1 p),1,53137.76001056852,53137.76001056851,53137.76001056851,14.10722665299836,4.647209442216141,0.0
pcb442,3-opt Par (2 p),2,53137.76001056852,53137.76001056851,53137.76001056851,8.216679914198176,4.647209442216141,0.0
pcb442,3-opt Par (4 p),4,53137.76001056852,53137.76001056851,53137.76001056851,5.655038591001357,4.647209442216141,0.0
pcb442,3-opt Par (8 p),8,53137.76001056852,53137.76001056851,53137.76001056851,6.0620710915987726,4.647209442216141,0.0
pcb442,VNS (Hybrid),4,52787.285194621574,52242.974725000604,53356.47559324381,26.066987627200433,3.956999477375187,0.7343528767504699
pr1002,NN,1,315596.5873942432,315596.5873942432,315596.5873942432,1.1538171291991604,21.830796731935852,0.0
pr1002,2-opt K-NN,1,279398.0698260759,279398.0698260759,279398.0698260759,11.323664979999013,7.856963008772963,0.0
pr1002,3-opt Par (1 p),1,272202.5586830342,272202.5586830342,272202.5586830342,140.4247834729991,5.079255991443265,0.0
pr1002,3-opt Par (2 p),2,272202.5586830342,272202.5586830342,272202.5586830342,82.03915026900067,5.079255991443265,0.0
pr1002,3-opt Par (4 p),4,272202.5586830342,272202.5586830342,272202.5586830342,55.615241551800864,5.079255991443265,0.0
pr1002,3-opt Par (8 p),8,272202.5586830342,272202.5586830342,272202.5586830342,65.52505399720249,5.079255991443265,0.0
pr1002,VNS (Hybrid),4,276410.0977063357,274469.7271821366,277087.8473107574,78.53451800620095,6.703506227232968,0.38644211806743756
