instance,algo,run,cost,time_s,gap_percent,procs
berlin52,NN,1,8980.918279329191,0.003170437994413078,19.078736135364508,1
berlin52,NN,2,8980.918279329191,0.0032120399991981685,19.078736135364508,1
berlin52,NN,3,8980.918279329191,0.0032905080006457865,19.078736135364508,1
berlin52,NN,4,8980.918279329191,0.0031956739985616878,19.078736135364508,1
berlin52,NN,5,8980.918279329191,0.003032469001482241,19.078736135364508,1
berlin52,2-opt K-NN,1,8071.844588542224,0.04318154900101945,7.025253096555613,1
berlin52,2-opt K-NN,2,8071.844588542224,0.04331428199657239,7.025253096555613,1
berlin52,2-opt K-NN,3,8071.844588542224,0.042693757997767534,7.025253096555613,1
berlin52,2-opt K-NN,4,8071.844588542224,0.04360455300047761,7.025253096555613,1
berlin52,2-opt K-NN,5,8071.844588542224,0.04405014599615242,7.025253096555613,1
berlin52,3-opt Par (1 p),1,8420.347117735182,0.15911364399653394,11.646076872648928,1
berlin52,3-opt Par (1 p),2,8420.347117735182,0.15834521099895937,11.646076872648928,1
berlin52,3-opt Par (1 p),3,8420.347117735182,0.1559029320051195,11.646076872648928,1
berlin52,3-opt Par (1 p),4,8420.347117735182,0.15510288000223227,11.646076872648928,1
berlin52,3-opt Par (1 p),5,8420.347117735182,0.15723201299988432,11.646076872648928,1
berlin52,3-opt Par (2 p),1,8420.347117735182,0.10622179100028006,11.646076872648928,2
berlin52,3-opt Par (2 p),2,8420.347117735182,0.10531451700080652,11.646076872648928,2
berlin52,3-opt Par (2 p),3,8420.347117735182,0.1036913049974828,11.646076872648928,2
berlin52,3-opt Par (2 p),4,8420.347117735182,0.10466019800514914,11.646076872648928,2
berlin52,3-opt Par (2 p),5,8420.347117735182,0.10570999299670802,11.646076872648928,2
berlin52,3-opt Par (4 p),1,8420.347117735182,0.0793800680039567,11.646076872648928,4
berlin52,3-opt Par (4 p),2,8420.347117735182,0.07925290499406401,11.646076872648928,4
berlin52,3-opt Par (4 p),3,8420.347117735182,0.08542796500114491,11.646076872648928,4
berlin52,3-opt Par (4 p),4,8420.347117735182,0.08651104499585927,11.646076872648928,4
berlin52,3-opt Par (4 p),5,8420.347117735182,0.08201649099646602,11.646076872648928,4
berlin52,3-opt Par (8 p),1,8420.347117735182,0.07989745699887862,11.646076872648928,8
berlin52,3-opt Par (8 p),2,8420.347117735182,0.08051203100330895,11.646076872648928,8
berlin52,3-opt Par (8 p),3,8420.347117735182,0.08315389899507863,11.646076872648928,8
berlin52,3-opt Par (8 p),4,8420.347117735182,0.07792513599997619,11.646076872648928,8
berlin52,3-opt Par (8 p),5,8420.347117735182,0.08095184699777747,11.646076872648928,8
berlin52,VNS (Hybrid),1,7904.467242689816,0.8094539140001871,4.805983064038928,4
berlin52,VNS (Hybrid),2,7735.79838521768,0.7226327259995742,2.5695887724433883,4
berlin52,VNS (Hybrid),3,7967.03817391144,0.5225923580001108,5.635616201424557,4
berlin52,VNS (Hybrid),4,7619.153101381147,1.0585281380044762,1.0229793341440903,4
berlin52,VNS (Hybrid),5,7544.36590190409,1.3946664999966742,0.03136968846578754,4
ch150,NN,1,8194.614331512179,0.02722930200252449,25.530244048899803,1
ch150,NN,2,8194.614331512179,0.030286496003100183,25.530244048899803,1
ch150,NN,3,8194.614331512179,0.027256109002337325,25.530244048899803,1
ch150,NN,4,8194.614331512179,0.026336815004469827,25.530244048899803,1
ch150,NN,5,8194.614331512179,0.025817237998126075,25.530244048899803,1
ch150,2-opt K-NN,1,7111.774842127218,0.26481683000019984,8.942629321801748,1
ch150,2-opt K-NN,2,7111.774842127218,0.2540161739962059,8.942629321801748,1
ch150,2-opt K-NN,3,7111.774842127218,0.25124240500008455,8.942629321801748,1
ch150,2-opt K-NN,4,7111.774842127218,0.25068009000096936,8.942629321801748,1
ch150,2-opt K-NN,5,7111.774842127218,0.2532487999997102,8.942629321801748,1
ch150,3-opt Par (1 p),1,7159.245249656466,2.8657324930027244,9.669810809688505,1
ch150,3-opt Par (1 p),2,7159.245249656466,2.6897615370035055,9.669810809688505,1
ch150,3-opt Par (1 p),3,7159.245249656466,2.721697197004687,9.669810809688505,1
ch150,3-opt Par (1 p),4,7159.245249656466,2.73748570799944,9.669810809688505,1
ch150,3-opt Par (1 p),5,7159.245249656466,2.7855861610005377,9.669810809688505,1
ch150,3-opt Par (2 p),1,7159.245249656466,1.552873107000778,9.669810809688505,2
ch150,3-opt Par (2 p),2,7159.245249656466,1.5232544290047372,9.669810809688505,2
ch150,3-opt Par (2 p),3,7159.245249656466,1.5684055860037915,9.669810809688505,2
ch150,3-opt Par (2 p),4,7159.245249656466,1.5194999829982407,9.669810809688505,2
ch150,3-opt Par (2 p),5,7159.245249656466,1.660471504997986,9.669810809688505,2
ch150,3-opt Par (4 p),1,7159.245249656466,0.9233008360024542,9.669810809688505,4
ch150,3-opt Par (4 p),2,7159.245249656466,0.9707013340012054,9.669810809688505,4
ch150,3-opt Par (4 p),3,7159.245249656466,1.0169085520028602,9.669810809688505,4
ch150,3-opt Par (4 p),4,7159.245249656466,1.0068789919969277,9.669810809688505,4
ch150,3-opt Par (4 p),5,7159.245249656466,0.9149098480047542,9.669810809688505,4
ch150,3-opt Par (8 p),1,7159.245249656466,1.0631980129983276,9.669810809688505,8
ch150,3-opt Par (8 p),2,7159.245249656466,1.0830230060018948,9.669810809688505,8
ch150,3-opt Par (8 p),3,7159.245249656466,1.2620724260050338,9.669810809688505,8
ch150,3-opt Par (8 p),4,7159.245249656466,1.058732257995871,9.669810809688505,8
ch150,3-opt Par (8 p),5,7159.245249656466,0.9980410560019664,9.669810809688505,8
ch150,VNS (Hybrid),1,6651.718362438391,7.284200775997306,1.8951955030390721,4
ch150,VNS (Hybrid),2,6697.653337621776,4.3589236850020825,2.598856274843379,4
ch150,VNS (Hybrid),3,6618.780688813823,5.305099862001953,1.3906355516823372,4
ch150,VNS (Hybrid),4,6694.233131663017,4.015946419000102,2.546463413955531,4
ch150,VNS (Hybrid),5,6839.747005603418,2.4375501539980178,4.775536237797459,4
pcb442,NN,1,61984.04725691383,0.23563622000074247,22.068705456918014,1
pcb442,NN,2,61984.04725691383,0.2252709730018978,22.068705456918014,1
pcb442,NN,3,61984.04725691383,0.22034916600387078,22.068705456918014,1
pcb442,NN,4,61984.04725691383,0.22225192900077673,22.068705456918014,1
pcb442,NN,5,61984.04725691383,0.22333644799800823,22.068705456918014,1
pcb442,2-opt K-NN,1,54679.64718692891,1.9799328279987094,7.683735450251898,1
pcb442,2-opt K-NN,2,54679.64718692891,1.950504987995373,7.683735450251898,1
pcb442,2-opt K-NN,3,54679.64718692891,1.960584150001523,7.683735450251898,1
pcb442,2-opt K-NN,4,54679.64718692891,1.9451366150024114,7.683735450251898,1
pcb442,2-opt K-NN,5,54679.64718692891,2.0137511630018707,7.683735450251898,1
pcb442,3-opt Par (1 p),1,53137.76001056851,14.348671250001644,4.647209442216141,1
pcb442,3-opt Par (1 p),2,53137.76001056851,14.06367349899665,4.647209442216141,1
pcb442,3-opt Par (1 p),3,53137.76001056851,14.061358926999674,4.647209442216141,1
pcb442,3-opt Par (1 p),4,53137.76001056851,14.01676880299783,4.647209442216141,1
pcb442,3-opt Par (1 p),5,53137.76001056851,14.045660785996006,4.647209442216141,1
pcb442,3-opt Par (2 p),1,53137.76001056851,7.692863578995457,4.647209442216141,2
pcb442,3-opt Par (2 p),2,53137.76001056851,8.184527562996664,4.647209442216141,2
pcb442,3-opt Par (2 p),3,53137.76001056851,8.494048020002083,4.647209442216141,2
pcb442,3-opt Par (2 p),4,53137.76001056851,8.369977185997413,4.647209442216141,2
pcb442,3-opt Par (2 p),5,53137.76001056851,8.34198322299926,4.647209442216141,2
pcb442,3-opt Par (4 p),1,53137.76001056851,5.694406850001542,4.647209442216141,4
pcb442,3-opt Par (4 p),2,53137.76001056851,5.634028102998855,4.647209442216141,4
pcb442,3-opt Par (4 p),3,53137.76001056851,5.6423606910029775,4.647209442216141,4
pcb442,3-opt Par (4 p),4,53137.76001056851,5.664596773000085,4.647209442216141,4
pcb442,3-opt Par (4 p),5,53137.76001056851,5.639800538003328,4.647209442216141,4
pcb442,3-opt Par (8 p),1,53137.76001056851,6.121432922001986,4.647209442216141,8
pcb442,3-opt Par (8 p),2,53137.76001056851,6.17442051100079,4.647209442216141,8
pcb442,3-opt Par (8 p),3,53137.76001056851,5.9954416759937885,4.647209442216141,8
pcb442,3-opt Par (8 p),4,53137.76001056851,6.027095673998701,4.647209442216141,8
pcb442,3-opt Par (8 p),5,53137.76001056851,5.991964674998599,4.647209442216141,8
pcb442,VNS (Hybrid),1,52937.94677502801,21.198984295006085,4.25370588646266,4
pcb442,VNS (Hybrid),2,53356.47559324381,21.12371086499479,5.077938463987973,4
pcb442,VNS (Hybrid),3,52835.30055121344,21.671473065995087,4.0515588467711225,4
pcb442,VNS (Hybrid),4,52563.728328622,31.32380184300564,3.5167362413289167,4
pcb442,VNS (Hybrid),5,52242.974725000604,35.01696806700056,2.885057948325267,4
pr1002,NN,1,315596.5873942432,1.1654775019997032,21.830796731935852,1
pr1002,NN,2,315596.5873942432,1.2060279519937467,21.830796731935852,1
pr1002,NN,3,315596.5873942432,1.1927480510057649,21.830796731935852,1
pr1002,NN,4,315596.5873942432,1.105022313000518,21.830796731935852,1
pr1002,NN,5,315596.5873942432,1.0998098279960686,21.830796731935852,1
pr1002,2-opt K-NN,1,279398.0698260759,10.41238131999853,7.856963008772963,1
pr1002,2-opt K-NN,2,279398.0698260759,11.72613799899409,7.856963008772963,1
pr1002,2-opt K-NN,3,279398.0698260759,11.643717929000559,7.856963008772963,1
pr1002,2-opt K-NN,4,279398.0698260759,11.366571725004178,7.856963008772963,1
pr1002,2-opt K-NN,5,279398.0698260759,11.469515926997701,7.856963008772963,1
pr1002,3-opt Par (1 p),1,272202.5586830342,148.96823854299873,5.079255991443265,1
pr1002,3-opt Par (1 p),2,272202.5586830342,136.34798877999856,5.079255991443265,1
pr1002,3-opt Par (1 p),3,272202.5586830342,149.9692301200048,5.079255991443265,1
pr1002,3-opt Par (1 p),4,272202.5586830342,138.0985354029981,5.079255991443265,1
pr1002,3-opt Par (1 p),5,272202.5586830342,128.7399245189954,5.079255991443265,1
pr1002,3-opt Par (2 p),1,272202.5586830342,82.76460867000424,5.079255991443265,2
pr1002,3-opt Par (2 p),2,272202.5586830342,76.8773485970014,5.079255991443265,2
pr1002,3-opt Par (2 p),3,272202.5586830342,79.85792639199644,5.079255991443265,2
pr1002,3-opt Par (2 p),4,272202.5586830342,81.97536086000036,5.079255991443265,2
pr1002,3-opt Par (2 p),5,272202.5586830342,88.72050682600093,5.079255991443265,2
pr1002,3-opt Par (4 p),1,272202.5586830342,55.054501224003616,5.079255991443265,4
pr1002,3-opt Par (4 p),2,272202.5586830342,54.424133237000206,5.079255991443265,4
pr1002,3-opt Par (4 p),3,272202.5586830342,54.16564121800184,5.079255991443265,4
pr1002,3-opt Par (4 p),4,272202.5586830342,54.98987291500089,5.079255991443265,4
pr1002,3-opt Par (4 p),5,272202.5586830342,59.44205916499777,5.079255991443265,4
pr1002,3-opt Par (8 p),1,272202.5586830342,71.18121318200429,5.079255991443265,8
pr1002,3-opt Par (8 p),2,272202.5586830342,61.42610023900488,5.079255991443265,8
pr1002,3-opt Par (8 p),3,272202.5586830342,62.64013715300098,5.079255991443265,8
pr1002,3-opt Par (8 p),4,272202.5586830342,69.53596547699999,5.079255991443265,8
pr1002,3-opt Par (8 p),5,272202.5586830342,62.84185393500229,5.079255991443265,8
pr1002,VNS (Hybrid),1,274469.7271821366,91.52497358000255,5.954458562078641,4
pr1002,VNS (Hybrid),2,276423.39952229004,94.85648388900154,6.7086411713370415,4
pr1002,VNS (Hybrid),3,277087.8473107574,55.2437740259993,6.965140153547599,4
pr1002,VNS (Hybrid),4,276981.6672057368,85.20328919799795,6.924151095653959,4
pr1002,VNS (Hybrid),5,277087.8473107574,65.84406933800346,6.965140153547599,4
